chi2,p_value,severity_t,severity_p
0.26076218765689296,0.8777608579269512,-82.18272324521742,0.0
