group,count,claims,claim_rate
Gauteng,393865,393863,0.9999949221179846
Western Cape,170796,170795,0.9999941450619453
