zip_a,n_a,zip_b,n_b,t_stat,pvalue
2000,133498,122,49171,9.384438505987141,6.467145608365507e-21
