,count,mean,std,min,25%,50%,75%,max
ClaimOccurrence,1000098.0,0.9999950004899519,0.002235953946733859,0.0,1.0,1.0,1.0,1.0
ClaimSeverity,1000093.0,0.0014026049877670999,2.168405429073173e-19,0.0014026049877671,0.0014026049877671,0.0014026049877671,0.0014026049877671,0.0014026049877671
TotalClaims,1000098.0,-9.458772730512041e-17,1.00000049995138,-902.412050622846,0.0014026049877671,0.0014026049877671,0.0014026049877671,0.0014026049877671
TotalPremium,1000098.0,-1.7875503432387746e-17,1.0000004999513796,-3.6671275129674776,-0.2688219288663915,-0.2593626109282968,-0.1735926176867525,283.2180494956376
Margin,1000098.0,6.442570155997301e-17,1.416473698741082,-3.6685301179552448,-0.2702245338541586,-0.26076521591606394,-0.17499522267451958,904.9303738902954
VehicleAge,1000098.0,4.528553201786225,3.279820068915428,0.0,2.0,4.0,7.0,28.0
