model,rmse,r2
LinearRegression,196.59097731982135,0.5158639788167652
RandomForest,15.989033537851594,0.9967975330223151
XGBoost,24.64341062472187,0.9923925017618496
