model,rmse,r2
LinearRegression,1.734723475976807e-18,-63.0
RandomForest,7.899063347860391e-15,-1326999183.0
XGBoost,1.2029468783938955e-11,-3077601332633687.5
